studentId,studentName,studentStream,studentAddress
1,Cristionna,Gantley,Hazeldene
2,Torin,Peschet,Marchenko
3,Dal,Ding,Ruddick
4,Lewiss,Gainor,Gunner
5,Orelee,Kerner,Pierpoint
6,Tynan,Broy,Swyre
7,Caria,Queyos,Thompkins
8,Jessa,Gunningham,MacFadin
9,Rorie,Woollett,Kingham
10,Mathias,Garioch,Dolan
11,Bernardina,Caldero,Bauer
12,Arnuad,Goodby,Johnys
13,Gustavo,Kemmish,Wenham
14,Daniella,Connochie,Matyashev
15,Dre,Malenoir,Mylechreest
16,Kira,Kleinhaut,Bilfoot
17,Zeb,Izachik,Jerok
18,Corri,Ulyat,Saiger
19,Dominica,Meade,Cosin
20,Hamlin,Thorrington,Bendel
21,Renee,Petzold,Grieger
22,Ealasaid,Chastaing,Hamsher
23,Tabbatha,Riddell,Soaper
24,Clair,Keets,Sellar
25,Marti,Besnardeau,Odby
26,Corrie,Brownhill,Angelini
27,Rubi,Erasmus,Lannen
28,Kellen,Meltetal,Attwool
29,Kendre,MacVean,Huriche
30,Helsa,McKinty,Dunford
31,Pete,Giacovazzo,McDaid
32,Wileen,Wolstenholme,Skones
33,Shelia,Hugh,Fudge
34,Marla,Di Bartolomeo,De Giorgio
35,Elisa,Andrichak,Larwood
36,Hayley,Domanski,Beasant
37,Winny,Fowell,Nowill
38,Aeriell,McArtan,Kindleysides
39,Linus,Bassam,Lorentzen
40,Anallese,Youell,Fenny
41,Niccolo,Bodycote,Jakab
42,Chancey,Fantonetti,Layzell
43,Ronnie,Ingman,Brownlea
44,Shayla,Perone,Menilove
45,Coop,Collen,Geydon
46,Vernon,Megahey,Freiburger
47,Jonis,Ludman,Beadle
48,Dill,Tarte,Barrowcliffe
49,Torey,Wilshaw,Berks
50,Viviene,Colliber,Full
51,Adele,Batsford,Yorkston
52,Constantin,Kenningham,Caldicot
53,Davine,Pelchat,Steaning
54,Tully,Botger,Richemont
55,Eleonora,Mitchinson,Andres
56,Skylar,Patterfield,Dimmer
57,Berty,Everly,Morffew
58,Myrilla,Orgee,Ferrarotti
59,Sydelle,Caffin,Wissby
60,Delano,Escale,McGillivrie
61,Bordy,Kenion,Truwert
62,Aundrea,Van der Brug,Marchment
63,Gregorius,Matyatin,Polly
64,Loydie,Seligson,Dole
65,Shelly,Flemmich,Dawbery
66,Barb,St. Queintain,Humphrey
67,Gerardo,Mackrell,Byram
68,Garek,Twoohy,MacCaghan
69,Mercedes,Durling,Adamski
70,Carie,Clendening,Siely
71,Archer,Tuckie,Kirkness
72,Doy,Rothert,Tue
73,Othelia,Copper,Karolewski
74,Bridget,Skeffington,Kalkofen
75,Wood,Gaskall,Kelleher
76,Lana,Maxwale,Sexstone
77,Darn,Lead,Zini
78,Danell,Duell,Tuttle
79,Gabbi,Bowker,Mandy
80,Giraud,Lamacraft,Linnock
81,Bee,O'Dowd,Patillo
82,Heida,Halksworth,Boxe
83,Evanne,Holdall,Roman
84,Hope,Levick,Wandtke
85,Dee dee,Ternault,Calvert
86,Malvin,Burbury,McWhin
87,Derk,Birkby,Levy
88,Sissie,Ablott,Elleray
89,Loralie,Deeman,Order
90,Leah,Peal,McCathie
91,Beulah,Henken,Berthot
92,Miranda,McDaid,Pumphreys
93,Bette,Dood,Gilley
94,Rolph,Ribey,Jennison
95,Guthrey,Rajchert,Westby
96,Emogene,Ungaretti,Moggie
97,Swen,Frantzeni,Totaro
98,Charles,Cruikshanks,Insko
99,Stephannie,Storms,Patek
100,Obadias,Sybe,Ricardon
101,Allison,Rodrigo,Wilmott
102,Wain,Jewster,Bloxholm
103,Simeon,Corps,Ive
104,Chev,Congrave,Cruickshank
105,Antonin,Hellikes,Iddens
106,Jessie,Pennone,Buckwell
107,Efrem,Canizares,Rodolfi
108,Rodolph,Greig,Sandbatch
109,Barth,Derks,Betterton
110,Dean,Regnard,MacCleod
111,Giffy,Dahl,Gawne
112,Dene,Ray,Conn
113,Gert,Laws,Brugemann
114,Hilary,Bartosik,Dales
115,Mac,Michelet,Gillingham
116,Lancelot,Richards,Lamplough
117,Beatriz,Longland,Ever
118,Ingamar,Bagg,Berrow
119,Charo,Streetfield,Ornelas
120,Clarabelle,Sokell,Graser
121,Reta,Gantzman,Schutze
122,Gabbie,Guage,Brun
123,Cynthie,Ajsik,Gallahue
124,Stesha,Le - Count,Malicki
125,Benedick,Binham,Teague
126,Parke,Michelmore,Kwietak
127,Liza,Guyon,Allright
128,Clarie,Quinet,Callender
129,Percival,Tomaschke,Ingham
130,Louie,Cressey,Petrenko
131,Annamarie,Maus,Planque
132,Brook,Hinrich,Falkinder
133,Alvin,Brookes,Cater
134,Dorette,Lumsdon,MacAlroy
135,Fredericka,Derye-Barrett,Roote
136,Lester,Kretschmer,Mallia
137,Zackariah,Rehor,Mothersdale
138,Charmain,Brouard,Simonite
139,Gabbie,Tal,Stych
140,Raye,Delion,Cesconi
141,Ulrika,Blue,Simoens
142,Lennard,Leinthall,Duffin
143,Trace,Cooksey,Jeannet
144,Xenia,Truluck,Plumtree
145,Lane,Clemoes,Pearsall
146,Derrik,Parcells,Tatton
147,Leland,Cluse,Celloni
148,Mirabella,Stripling,McCuffie
149,Rachael,Corry,Cornfoot
150,Deanne,Asquith,Strivens
151,Zaneta,Deveraux,Rossoni
152,Verina,MacKee,Poplee
153,Dana,Lawlan,Bindley
154,Aliza,Hucke,Swane
155,Felipa,Lomax,Stutter
156,Evey,Windous,Friedank
157,Gaven,Bert,Fordham
158,Giselle,Lympany,Bratch
159,Winnifred,Tomaszynski,Boughtflower
160,Jorey,Brisset,Gawthorpe
161,Kimberli,Everleigh,Rushsorth
162,Malynda,Carlisle,Fryatt
163,Linell,Slesser,Fricker
164,Inez,Lovstrom,Houlden
165,Nell,Sewards,Aldrin
166,Mack,Kolakowski,Lanfare
167,Doro,Fuke,Braffington
168,Sawyer,Eccleshare,Ducker
169,Alta,Lakenton,Bowne
170,Analiese,Dodd,Farnan
171,Chevy,Dodshon,Polotti
172,Dyane,Nesfield,Blackshaw
173,Kaleena,Beine,Geeson
174,Susette,Brome,Linny
175,Ivonne,Schule,Pregel
176,Constantino,Tschersich,Milverton
177,Galvan,Gehringer,Donaho
178,Marion,Flower,Fritzer
179,Cass,Bullan,Valentinuzzi
180,Joela,Stafford,Loggie
181,Angeline,Potzold,Bafford
182,Vere,Sisson,Gameson
183,Lynna,Gemelli,Hinckley
184,Carma,Crowch,Manktelow
185,Weidar,Giacoboni,Matys
186,Briny,Autrie,Rainbird
187,Terrel,Crawshay,McWaters
188,Sella,Asbury,Mac Geaney
189,Reagan,Syncke,McRill
190,Fawnia,Mucklestone,Errichelli
191,Leila,Yewdale,Tabor
192,Sashenka,Konertz,Garett
193,Deni,Stampfer,Conti
194,Saunderson,Pauncefort,Shirland
195,Janek,Antecki,Hamments
196,Mario,Murison,Shaudfurth
197,Pollyanna,Crevagh,Amps
198,Hewett,Hammerstone,Bastie
199,Willi,McPhillimey,Randles
200,Davine,Runacres,Simner
201,Rae,Geleman,Andrag
202,Wally,Driffill,Rozalski
203,Elihu,Aliman,Kleyn
204,Christabel,Oldaker,Skeermer
205,Cordi,Harrower,Golley
206,Kaylil,Stainbridge,Aimson
207,Nevil,Bott,Calcraft
208,Allis,Masterson,Glede
209,Ogdon,Althorpe,Kilmurry
210,Jud,Upham,Tortice
211,Bettye,Agass,Boldt
212,Ambrosius,Wollaston,Bartolacci
213,Chad,Stuck,Neeves
214,Mendy,Colerick,Rorke
215,Thorstein,Aizikowitz,Shemmin
216,Tarrance,Goodger,Januszkiewicz
217,Itch,Beet,Percifer
218,Branden,Petken,Condliffe
219,Rem,Meachen,Andree
220,Jordana,Arnefield,Berardt
221,Slade,Gilogly,Pllu
222,Pen,Glave,Henaughan
223,Paolina,Hinchcliffe,Crandon
224,Moe,Bidgood,Stanley
225,Kayley,Fritschmann,Matuszewski
226,Mycah,Pilpovic,Fobidge
227,Garald,Golding,Whiterod
228,Patrizius,Withers,Bilby
229,Nat,Savoury,Geffen
230,Jannel,Lehemann,Dell Casa
231,Geneva,Longfield,Leyrroyd
232,Clem,Wayland,Grote
233,Albie,Bohlens,Romei
234,Galina,Silwood,Byway
235,Gustave,Wheal,Clemes
236,Orelie,Soigoux,Gawne
237,Darleen,Kornel,Pottie
238,Terri-jo,Goskar,Boast
239,Katrine,Lassey,Finlaison
240,Pierre,Ever,D'Oyly
241,Anissa,Duddell,Sertin
242,Windham,Hawick,Shmyr
243,Hyacintha,Colson,Mc Kellen
244,Megen,Bottelstone,Ipplett
245,Vina,Laytham,Fries
246,Marinna,Loadwick,Fansy
247,Alma,Hay,Schwaiger
248,Tuckie,McCullum,Jeanon
249,Trula,Dunk,Bohlmann
250,Trixi,Meader,Walkowski
251,Fredek,Stourton,Marrian
252,Sissy,Wybrow,Lynn
253,Dareen,Apted,O'Connell
254,Loutitia,Record,Beazley
255,Sheila-kathryn,Biddell,Leavry
256,Beau,Abby,Lean
257,Charmain,Leadbeater,Haycraft
258,Tabatha,Muat,Dight
259,Zabrina,Portman,Tuckett
260,Nicoline,Spellsworth,Willarton
261,Rabbi,Brickett,Shannon
262,Bartram,Gilyott,Beart
263,Joseito,Petruk,Okroy
264,Doug,Sedgebeer,Podmore
265,Helen-elizabeth,Thurner,Phelit
266,Britt,Domoni,McBain
267,Rolf,Brozsset,Smardon
268,Iggy,Boyet,Jephcote
269,Clotilda,Denton,Ravel
270,Orbadiah,Champley,Hacquoil
271,Merola,Kyd,Earry
272,Ian,Graysmark,Birdseye
273,Felicity,Wherton,MacDaid
274,Salem,Desbrow,McSporon
275,Tammie,Levay,Jagger
276,Renado,Sondland,Ratlee
277,Nev,Cappel,Walmsley
278,Guthrie,Tebb,Skerm
279,Aeriela,Dootson,Bigrigg
280,Jobyna,Karys,Fumagall
281,Cissy,Scanes,Smorthwaite
282,Brietta,Staddom,Andreas
283,Genvieve,Inkles,Bogges
284,Thorin,Dawtry,Murdie
285,Costa,Abbati,Szantho
286,Hadlee,Firle,Noulton
287,Pren,Pike,Strippling
288,Shannen,Harhoff,Beaze
289,Tamas,Snape,Kerswill
290,Marja,Whyard,Checchi
291,Shermy,Kubacki,Gaynes
292,Hastings,Hunnawill,Arnason
293,Sabine,Grisbrook,Chansonnau
294,Cleveland,Atter,Duiged
295,Chucho,Rampton,Stidson
296,Vonnie,Mundy,Khosa
297,Nixie,Slight,Knibley
298,Bonnibelle,Sennett,Beinisch
299,Merle,Tabourel,Woolward
300,Johnna,McSperrin,Sanzio
301,Justinian,Culver,Garr
302,Sofia,Leggen,Drinkall
303,Kassi,Gonthier,Brazer
304,Yvette,Whelpdale,Jarmaine
305,Kaile,Botcherby,Cordelet
306,Mahalia,Eaglen,Udale
307,Wendi,Dellenbach,Gallatly
308,Francesca,Arling,McKimmey
309,Rhianna,Twinning,Minocchi
310,Isa,Braidford,Benezet
311,Joane,Basnall,Searson
312,Aldis,Saundercock,Oris
313,Parke,Luten,Okill
314,Cad,Turrill,Rosone
315,Melodee,Treuge,O'Fihily
316,Derick,D'Adda,Dunderdale
317,Shelbi,Ambresin,Caraher
318,Carroll,Killeley,Boud
319,Rickey,Doyland,Dibsdale
320,Alasteir,Marchetti,Hebard
321,Daphne,Gristhwaite,Stepney
322,Kaitlynn,Mathonnet,Hilling
323,Albertine,Peron,Wilkin
324,Rossy,Calcott,Venard
325,Rubin,Carlisi,Pruvost
326,Waylin,Lanfare,Huxham
327,Forster,Barlas,Tiesman
328,Tonnie,Biggins,Sedgeman
329,Nani,Freddi,Allman
330,Amye,Balentyne,Estcourt
331,Ed,Remnant,Stopher
332,Gay,Vina,Bickers
333,Ingar,Fireman,Ince
334,Reidar,Bishell,Kmieciak
335,Berthe,Alexandrescu,Collete
336,Damon,Gurr,Klimkowski
337,Raul,Peoples,Ginnelly
338,Nadine,Holtaway,Jeffries
339,Jemie,Shower,Puig
340,Grete,Naptin,Hickisson
341,Goran,Varey,Mulvy
342,Eberhard,O'Drought,Sidey
343,Karry,Morfell,Crookall
344,Rebbecca,Divell,Erickssen
345,Gracia,Meere,Turtle
346,Robinia,Nijs,Fryatt
347,Kelvin,Plumbridge,Stadding
348,Jaclin,Bowmer,Hainsworth
349,Eadith,Peert,Tomaselli
350,Laverne,Yerrill,Jaouen
351,Karmen,Falkus,Kerbler
352,Lorain,Axelby,de Leon
353,Phillip,Esslemont,Zorzetti
354,Mirabel,Cothey,Gunnell
355,Griffith,Lapides,Maultby
356,Allard,Colin,Sprake
357,Alvie,Sterndale,Jeanequin
358,Vivienne,Jurzyk,Pierucci
359,Alexis,McGlynn,Shivell
360,Luce,Sarfati,Chellam
361,Alric,Frankish,Gamage
362,Muhammad,Elflain,Coney
363,Howey,Schrei,Medd
364,Tess,Gaunt,Cayet
365,Corliss,Lindman,Hexum
366,Cati,Neild,Crosswaite
367,Tracy,Isacq,Skehan
368,Dyna,Nisbith,Rubinowitch
369,Loella,Culwen,Grayley
370,Cheri,Bohike,Franzotto
371,Abba,Maddick,Redihalgh
372,Evaleen,Blint,Alvy
373,Tildy,Earengey,Grayer
374,Brita,Dannel,Hewes
375,Bartholomew,Laurenty,Grzeszczyk
376,Philis,Athridge,Bygreaves
377,Davis,Bentje,Graves
378,Birgitta,MacKnocker,Adiscot
379,Sissy,Schiementz,McGinney
380,Aubrey,Martynka,Loxly
381,Dorie,Canizares,Hurndall
382,Claiborne,Ethersey,Sammes
383,Gabbie,Bohea,Faulo
384,Clementia,Cholerton,Huggon
385,Wini,Ungaretti,Loft
386,Brietta,Pavlishchev,Antao
387,Ferdinanda,Wood,Dargie
388,Venita,Quiney,Kirkbride
389,Jyoti,Winmill,Crocumbe
390,Alaric,Vasichev,Mechic
391,Salvidor,McCrae,Clipston
392,Barton,Willard,Mariotte
393,Vallie,Jewitt,Merit
394,Marco,Damrell,Tebbit
395,Jesselyn,Cuerdale,Petrasso
396,Margit,Adelman,Semerad
397,Lyle,Albro,Farahar
398,Tabina,Itzkovwitch,Schroeder
399,Abbey,Patinkin,Finn
400,Ker,Pavinese,Osichev
401,Thedric,McKie,Dursley
402,Tito,Cosgrave,Root
403,Laird,Langrick,Dellenbroker
404,Derwin,Redish,Brake
405,Sofie,Pocock,Casado
406,Corny,Lippingwell,Kock
407,Janeta,Mealand,Hanscom
408,Valentia,Hammer,Furbank
409,Evangelina,Limming,O'Gorman
410,Rae,Stode,Reichert
411,Dene,Wadworth,Chapelle
412,Sergeant,McKellen,Helversen
413,Skippie,Moxon,Shillitto
414,Stu,Freeland,Leggin
415,Katy,Abelevitz,Swalowe
416,Tana,Bidnall,Forsdicke
417,Forrest,Napton,Wynne
418,Auria,Hast,Schindler
419,Demott,Di Giacomettino,Veljes
420,Ester,Marcombe,Byard
421,Blake,Tidbury,Ezele
422,Grove,Nolli,Camplen
423,Hasheem,Hoggan,Hawthorne
424,Garrot,Poundford,Styles
425,Lorrayne,Mearns,Haestier
426,Yasmeen,Hardie,Trase
427,Oralia,Daysh,Colvie
428,Moises,Hendrikse,Faulkes
429,Cchaddie,Timmens,d' Eye
430,Charmain,Duckering,Brahmer
431,Casper,Tolliday,Carwithim
432,Garnette,Merrett,Chattock
433,Phyllis,Woodhams,Owbrick
434,Rina,Ruffler,Ferreri
435,Elbert,Marqyes,Benninck
436,Krysta,Stenett,McDool
437,Homer,Knapper,Palliser
438,Rickey,Ripon,Ferrarone
439,Valdemar,Kislingbury,Tivolier
440,Emlynn,Livesley,Wymer
441,Laurianne,Kestian,Deplacido
442,Jarvis,Wickes,Ericssen
443,Phillip,McKennan,Murkin
444,Cissy,Dell 'Orto,Cissen
445,Archy,Wetter,Juanico
446,Sigrid,Whittier,Plumb
447,Johanna,Siret,Banbrook
448,Freddie,Ambroise,Dominelli
449,Hatti,Brettoner,Burton
450,Lusa,Magarrell,Hollyer
451,Quent,Ackred,Nicklinson
452,Mahalia,Patton,Rigglesford
453,Sukey,Edney,Petrichat
454,Edie,Myrie,Aubray
455,Arvie,Bim,Castellino
456,Rustie,Ramsby,Kingscott
457,Cass,Sole,Summerly
458,Reilly,Berrill,Whitticks
459,Gavrielle,Iacopo,Bampkin
460,Aristotle,Tarburn,Schruurs
461,Sydel,Cadreman,Dumelow
462,Raffarty,Tape,Seares
463,Natale,Deverille,Scalera
464,Nicolas,Style,Linskey
465,Peter,Milson,Hardway
466,Bord,Marcham,Hounsome
467,Jere,Fealty,Kowalik
468,Milton,Kinman,Notti
469,Archie,Cowlam,Sciacovelli
470,Arte,Slorach,Warburton
471,Ernst,Cheesman,Chalder
472,Jean,Plaide,Cosgrive
473,Nonna,Fredy,Stocking
474,Erskine,Gulston,Olpin
475,Lynnet,Springthorp,Ducket
476,Trudie,Domange,Matyashev
477,Jammie,Siggers,Tuftin
478,Yancy,Minghella,Rachuig
479,Lorita,Scroggie,Stapylton
480,Imogen,Rewcastle,Roxburch
481,Joe,Vogt,Umpleby
482,Robert,Barnewille,Sommerville
483,Celka,Winslade,Gandley
484,Far,Duny,Tingley
485,Morissa,Appleyard,Farrer
486,Mathian,Duffin,O' Driscoll
487,Lanni,Bootland,Pleavin
488,Edgar,Cattel,Pepperrall
489,Zonda,Rushsorth,McCartney
490,Corene,Parkhouse,MacMickan
491,Ainsley,Grewar,Phipson
492,Keslie,O'Leagham,St Leger
493,Caria,Gherardesci,Sallis
494,Griffie,Leghorn,Dimmick
495,Hieronymus,Chessell,Moscon
496,Sidney,Ettels,Bazely
497,Tamar,MacClinton,Faccini
498,Sigismond,Winscom,Whittock
499,Florinda,Whight,Doget
500,Findlay,Kinforth,Dowman
501,Lemuel,Harmson,Massingberd
502,Avis,Valero,Sheering
503,Janetta,Ponting,Feuell
504,Urson,Palfreman,Bleckly
505,Brittni,Moyler,Thiese
506,Daffie,Coronado,Doogan
507,Devan,MacDonagh,Delcastel
508,Perren,Orrill,Culverhouse
509,Willdon,Tydd,Richard
510,Jordanna,Nouch,Espada
511,Hugues,Saywell,Helks
512,Yehudit,Belfit,Frany
513,Hyacinth,Jurges,McGrowther
514,Roddie,Clawley,McGillreich
515,Iolande,Poker,Stothert
516,Ashil,Yushankin,Strangeways
517,Persis,Moffett,Abrashkov
518,Lesley,Vater,Von Gladbach
519,Ambrosio,Ridge,Mueller
520,Danie,Shemmin,Waymont
521,Lionel,Lowers,Likely
522,Lynnet,Dunwoody,Flaverty
523,Holly-anne,Weight,Bowdrey
524,Kellsie,Moral,Partkya
525,Catherina,Shilvock,Rydeard
526,Vail,Churching,Crebbin
527,Chicky,Cuffin,Martins
528,Tuck,Gillooly,Venners
529,Margalo,Lehr,Gillum
530,Arnuad,Elecum,Allred
531,Wilmar,Coath,MacGrath
532,Waylen,Barnwille,Iwanowski
533,Trude,Drillingcourt,Blankman
534,Sigismundo,Titterell,Bill
535,Cynthie,Rothert,Mohring
536,Talbot,Judkins,Kloser
537,Tani,Freear,Worthy
538,Smitty,Brocks,Bernhardt
539,Susy,Outridge,Thonason
540,Antony,Jovicevic,Larrat
541,Der,Earl,Gownge
542,Kiri,Roly,Rizzone
543,Giff,Tortoishell,Proschek
544,Demetrius,Cross,Fidoe
545,Osborn,Goodman,Ottewill
546,Estel,Birtley,Eisikovitsh
547,Melonie,Lissaman,Wadeling
548,Arlie,Bercevelo,Beagan
549,Indira,Sherborne,Matthias
550,Petronille,Yendall,Lintall
551,Suzi,Ahern,Lidell
552,Tull,Bantham,Daglish
553,Gabriello,Bullcock,Larking
554,Conan,O'Hingerty,Pebworth
555,Beatrisa,O'Fihily,Layhe
556,Dorothee,Gaffney,Reuble
557,Kain,Toulmin,Gledhall
558,Phillie,Barles,De Morena
559,Richard,Biglin,Anmore
560,Clemmy,Bolesma,Cranston
561,Klarrisa,Angus,Lowe
562,Vere,O'Mullally,Bischop
563,Rowney,Thraves,Shildrick
564,Addy,Butter,Wadman
565,Kristy,Devil,Tedstone
566,Peggi,Warlock,Corkell
567,Juliann,Dumingos,Presho
568,Mar,Curnucke,Le Houx
569,Cammie,Mouncey,Verduin
570,Horst,Leivesley,Hallum
571,Stevy,Worton,Stratley
572,Orlando,Lindgren,Rowlands
573,Iggy,Bernardot,Danick
574,Gipsy,Srawley,Goodwill
575,Harri,Rochford,Toretta
576,Gussi,Greystock,Arblaster
577,Kelvin,Itzcovichch,Mc Grath
578,Gates,Crosskell,Avon
579,Roscoe,Ramsbottom,Labbey
580,Patrizius,Hancorn,Bowhey
581,Shellie,Icke,Wixey
582,Kerby,Dalgarno,Norway
583,Massimiliano,Pilmore,Stanaway
584,Manolo,Riguard,Rosencrantz
585,Leonore,Varden,McChruiter
586,Dulcine,Chillcot,Ventam
587,Betsy,Guitte,Crockett
588,Kennith,Wartonby,Yukhnini
589,Adelind,Bromwich,Jentzsch
590,Jorry,Seeks,Humbert
591,Jerad,Freire,Romanet
592,Mattie,Camilli,Meiningen
593,Fulvia,Haresnaip,Street
594,Francoise,McNeice,Aldham
595,Berkly,Cabble,Eul
596,Barbara-anne,Anshell,Lilian
597,Ophelie,Longland,Roxburch
598,Marilee,Haberjam,Roke
599,Kailey,Edel,Silcocks
600,Eran,Trowler,Mulhall
601,Carol-jean,Zecchinelli,Heggadon
602,Chrystel,MacCauley,Skae
603,Patton,Amdohr,Margarson
604,Stephanie,Pullan,Shade
605,Morten,Kohrsen,Ghioni
606,Claiborn,Shortcliffe,Rosenzveig
607,Adorne,Glendenning,O'Malley
608,Giavani,Sabine,Scholler
609,Shellysheldon,Calender,Coultard
610,Bobbie,Tomeo,Clive
611,Nichols,Harold,Beardsworth
612,Callie,Oswal,Mourant
613,Althea,Semechik,Paddeley
614,Daryl,Sturch,Youd
615,Gal,Oliva,Paulton
616,Fifine,Bambra,Cockings
617,Roberta,Tortoishell,Thorington
618,Tobin,Chanson,Sarjent
619,Lurette,Birchwood,Vassman
620,Nelson,De la Zenne,Gimeno
621,Hermia,Padly,Sallinger
622,Fleurette,Torald,Seine
623,Dasie,Fewkes,Philpott
624,Darb,Cromblehome,Finder
625,Mead,Danilishin,Corah
626,Michell,Pedlingham,Bensen
627,Hendrick,Dover,Blenkinsopp
628,Dyanna,Lerwill,Pryn
629,Logan,Deal,Sanper
630,Tabor,Matson,Pye
631,Phelia,Mapham,Bill
632,Nev,Overel,Fortnum
633,Bailie,Buncom,Gage
634,Iris,Kember,Pinnegar
635,Brandea,Humphrey,Sixsmith
636,Electra,Gainsboro,Seater
637,Delmore,Ligerton,Stanmore
638,Aloisia,Cuerdale,Tanti
639,Marty,Falconar,Youll
640,Martie,Wiggins,Uren
641,Dwayne,Forker,Slimme
642,Bili,Backson,Stollwerk
643,Sherill,MacShirie,Hacquel
644,Louisa,Heiner,Bosley
645,Aline,Smooth,Golling
646,Erny,Drewell,Bullers
647,Raimondo,Dicken,Norcross
648,Thomasina,Ivashin,Wakely
649,Joby,Werrit,Morphew
650,Marie,Lambie,Longmaid
651,Jae,Cammish,Goulbourn
652,Zsa zsa,Juliff,Tetley
653,Stephannie,Donnell,MacGee
654,Ronni,Lucy,Collett
655,Doreen,Walton,Crossfeld
656,Jolynn,Vigours,Kunzel
657,Mara,Dryden,Cheek
658,Nanette,Naile,Emms
659,Riobard,Handrock,Dogerty
660,Harvey,Feldfisher,Broadberrie
661,Frankie,Madison,Landman
662,Dayna,Aleevy,Sobey
663,Scottie,Pattie,Cantu
664,Lorettalorna,Whiterod,McNess
665,Terri,Ingles,Perotti
666,Letti,Wakelam,Rutledge
667,Arielle,Hemstead,Tisun
668,Danya,Sommerscales,Beneze
669,Karlens,Steadman,Redman
670,Padriac,Lissaman,Robjohns
671,Konstanze,Lowton,De Bruijn
672,Hewet,Stollenberg,Bartosch
673,Van,Gerant,Caffrey
674,Irving,Rikel,Bucknell
675,Humfried,Luker,Maunder
676,Minnnie,Kembry,Lismer
677,Winnah,Titchard,Paintain
678,Zaria,Sprason,Slayton
679,Darlene,Howles,McMeekan
680,Rebbecca,Nijs,McCrossan
681,Hort,Spickett,Crookes
682,Renard,Tucker,Calvie
683,Evey,Ashleigh,Edlyne
684,Thoma,Weerdenburg,Capin
685,Emelda,Hempel,Seton
686,Blondie,Colvie,McCullen
687,Hortensia,Gabites,Cardis
688,Melodee,MacCleod,Loraine
689,Opal,Thorndale,Drohan
690,Bealle,Perone,Gowland
691,Richard,Jaycock,Illsley
692,Gar,Kingerby,Leetham
693,Aleta,Broadley,Cremen
694,Fred,Slocum,Rivers
695,Lincoln,Dadley,Foch
696,Cleveland,Braunthal,Ludford
697,Dianne,Leachman,Vasyaev
698,Reube,Loraine,Glasscoe
699,Neron,Whyte,Bodman
700,Blondie,Decker,Sterricks
701,Kiri,Cone,Hodgins
702,Barclay,Seabourne,Imason
703,Devlin,Dunley,Olivia
704,Mord,Matthius,Joint
705,Jerrilee,Esberger,St Leger
706,Evered,Yerson,Doughtery
707,Robers,Colvin,Veschambre
708,Donnie,Lorek,Calendar
709,Sax,Fleming,Menelaws
710,Leshia,Walkey,Matthewes
711,Wylma,Ratledge,Beswick
712,Seka,Bredee,Cowp
713,Coretta,Harford,Robbel
714,Sarine,Flanne,MacRannell
715,Krystyna,Dulen,Snyder
716,Faber,Atchly,Dorber
717,Kirk,Elsmore,Bantham
718,Garry,Muckle,Goffe
719,Prince,Gregorowicz,Beazey
720,Hamilton,MacAnellye,Molineaux
721,Sharyl,Swallwell,Seppey
722,Shelley,Deyenhardt,Hynes
723,Law,Plunkett,Pratley
724,Sallyanne,Codron,Caulton
725,Zeb,Blackeby,Oldale
726,Helen-elizabeth,Schole,Brockman
727,Bay,Ealam,Torregiani
728,Brunhilda,Di Maria,Sutcliffe
729,Jeanine,Scupham,Webburn
730,Myrle,Cortes,Gallego
731,Danyelle,Emer,Huckell
732,Tomlin,MacUchadair,Sizey
733,Mathilde,Rowntree,Edwicker
734,Horten,Nys,Giovannetti
735,Petronilla,Plaschke,Meus
736,Mahala,Leachman,Phoenix
737,Andria,Stickford,Pike
738,Jobye,Dunlap,St. Paul
739,Cleon,Firmager,Rees
740,Sonya,Poker,Tummasutti
741,Therine,Lashmar,Mcimmie
742,Tedi,De Zuani,Utterson
743,Luke,Salvage,Kiebes
744,Alikee,Kinnear,Huglin
745,Colline,Sarge,Batistelli
746,Gianni,Cominotti,Parkyn
747,Joann,Traice,Ackenhead
748,Nickola,Pulver,Prydden
749,Chelsea,Arrell,Venable
750,Odelle,Stathers,Gaukrodge
751,Joyous,Bouette,MacNeilley
752,Corabella,Hertwell,Ferres
753,Caitlin,Braunroth,Demaid
754,Shell,Baldick,Coaten
755,Vina,Cortes,Flatley
756,Francesco,Tredger,Von Welden
757,Brewster,Dedam,Ingarfill
758,Cristabel,Kirvell,Alberts
759,Lilian,Sebrook,Jobke
760,Shalna,Fidler,Gambles
761,Micaela,Sute,Kareman
762,Durante,Hartup,Regina
763,Clemmie,McLae,Becket
764,Lena,Snelgrove,Whitter
765,Wittie,Dedden,Flather
766,Petronia,Romme,Montes
767,Carrie,Shipway,Curley
768,Ruggiero,Brockhouse,Borit
769,Maxwell,Moneti,Peniello
770,Camila,Pady,Mish
771,Philomena,Comford,Bahlmann
772,Jody,Laughton,Trippack
773,Brianne,Ancketill,Collie
774,Charity,Braunter,Deeman
775,Geno,Syson,Drife
776,Gaultiero,Bursnoll,Quinevan
777,Brodie,Bamling,Sciacovelli
778,Tracy,Reap,Sleigh
779,Robinet,Nussii,Johnsee
780,Cyril,Ebbers,Spoors
781,Fulvia,Dadswell,Whatson
782,Yettie,Quadrio,Kenna
783,Urson,Grzegorecki,Bestiman
784,Lotte,Kief,Troppmann
785,Nels,Middlemist,Gilardengo
786,Pansie,Kesey,Kermit
787,Lula,MacEveley,Paur
788,Alvina,Penticost,Atheis
789,Giavani,Guslon,Bockh
790,Libbie,Gorner,Petronis
791,Stu,Duncombe,Fahrenbach
792,Amelie,Mariot,Kohneke
793,Wayland,Jouen,Dobell
794,Daune,Tabrett,Duxbury
795,Ollie,Tuffs,Patron
796,Sarena,Burdas,Lloyd
797,Arturo,Willsmore,Larkkem
798,Tibold,Lane,Bapty
799,Jordan,Shepard,Tolliday
800,Christophorus,Fontenot,Garwood
801,Parry,Francombe,Belly
802,Harbert,Golding,Dwelley
803,Renate,Cowmeadow,Capelen
804,Leoine,Footitt,Caroline
805,Petr,Bourne,Watts
806,Roanne,Olligan,Orrom
807,Garald,Camble,Petry
808,Christen,Bresnen,Twycross
809,Adler,Filipson,Pelzer
810,Sean,Duffitt,Hambrick
811,Sybille,Corter,Tolland
812,Andris,Weir,Fishlock
813,Darcee,Wolton,Sabie
814,Rodolph,Vear,Diviny
815,Stevie,Blanshard,Longhirst
816,Mortimer,Jouhning,Juschke
817,Cody,Capaldi,Pickerin
818,Brandise,Clegg,Capener
819,Rockwell,Kiddle,Choat
820,Lay,Baterip,Twizell
821,Alisa,Iskowitz,Meredith
822,Sonya,Chavrin,Phifer
823,Lottie,Goricke,McCoughan
824,Morganica,Pickaver,Baudins
825,Heda,Taill,Thompson
826,Thorstein,Mizzen,Filkov
827,Enos,Relfe,Aldrin
828,Faina,Yter,Deniseau
829,Helsa,Lutz,Orniz
830,Consalve,Poleykett,Sherville
831,Veradis,Gobert,Fairest
832,Bel,Pridgeon,Lafee
833,Merry,Utridge,Salsberg
834,Mela,Boow,Bravington
835,Fidela,Dreschler,Loyley
836,Gardiner,Booeln,Trowle
837,Ardath,Tassell,Eingerfield
838,Aylmar,Wooles,Guess
839,Renate,Nares,Glasscott
840,Marabel,Roche,Figura
841,Illa,Eatherton,Best
842,Dotty,Dmisek,Quirk
843,Siegfried,Lavin,Goard
844,Concettina,Keattch,Prin
845,Malissia,Bluett,Delamaine
846,Kristy,Mapstone,Fedder
847,Reynard,Bachmann,Ratcliff
848,Horton,Morena,Cotty
849,Jeanine,Capaldi,Easterling
850,Normie,Kolin,Pond-Jones
851,Chad,Hagger,Thuillier
852,Beltran,Ritchley,McGrorty
853,Fredrika,O'Keaveny,Dog
854,Siusan,MacAndrew,Newis
855,Warden,Jerwood,Mantione
856,Shane,Pickburn,Olech
857,Gilberte,Furber,aManger
858,Meredith,Trippick,Pickering
859,Jerrold,D'Agostino,Scopes
860,Nikolos,Pallasch,Bizley
861,Jennine,Brimmicombe,Crasford
862,Gregoor,Brader,Monday
863,Addi,Weldrake,Bennion
864,Mandie,Lambell,Congram
865,Pincus,Steeden,Marklew
866,Abagail,McGrory,Batts
867,Austine,Bedrosian,Cohrs
868,Meggi,McParland,Royall
869,Martelle,Mundy,Leates
870,Alleyn,Rawet,Tuffell
871,Tori,Hartopp,Ridoutt
872,Rad,Fiddler,Blakesley
873,Thorndike,Bonhill,Ferrierio
874,Sabine,Albarez,Gritskov
875,Doralyn,Tranter,Boyack
876,Nance,Backler,Gherardesci
877,Burch,Chadwell,Sprason
878,Turner,Lowcock,Alekseev
879,Corinne,Hylden,Brownbill
880,Demetra,Cressar,Akess
881,Niki,Gherardesci,Portman
882,Georgeta,Tear,Bowling
883,Stanton,Samways,McQuillin
884,Lauretta,Stockin,Birtley
885,Vickie,Purton,Morling
886,Lee,Withrop,Geldart
887,Amandie,Wordsworth,Janas
888,Bevon,Carabet,Joanic
889,Jaquelin,Seleway,Defty
890,Moises,Hethron,Vearncombe
891,Myrta,Gunderson,Lenoir
892,Cathee,Pranger,McGerraghty
893,Arlan,Barron,Trathen
894,Winnie,Yesenev,Pitson
895,Kaile,Scrase,Jzak
896,Larisa,Sesons,Basnett
897,Gertrud,Fennelow,Lombard
898,Ange,Norcop,Hallgalley
899,Willey,Davis,Ackroyd
900,Tristan,Deboy,Ginley
901,Sharia,Clemmett,Thebeau
902,Anabella,Parsley,Barnewell
903,Dulcinea,Spadelli,Meneux
904,Janifer,Dorkin,Dinsmore
905,Marci,Yirrell,Marie
906,Cacilie,Kirkhouse,Shervington
907,Mei,Stanney,Cawsy
908,Katlin,Barents,Larive
909,Claude,Shawl,Cretney
910,Lonnard,Jakov,Snowdon
911,Shelden,Bimrose,Arlott
912,Danya,Lindwall,Boag
913,Fran,Sibbons,Duthie
914,Flemming,Fortun,Hasney
915,Madelle,Weyland,Jolliffe
916,Dolly,Thomsson,Mersh
917,Flossi,Monteath,Bedberry
918,Powell,Leidecker,Eliet
919,Devondra,Tidbold,Whittek
920,Averill,McKeachie,Bierton
921,Lethia,Casine,Richichi
922,Matilda,Gorghetto,Collman
923,Tamarah,Marcroft,Blakeborough
924,Birch,Heare,Dalmon
925,Delainey,Bulter,Coxon
926,Lyell,Traviss,MacAne
927,Parsifal,Larrett,Dible
928,Bonny,Austing,Griffiths
929,Mathilda,Linford,Fullerlove
930,Fallon,de Castelain,Shevell
931,Stanleigh,Jasiak,Stockill
932,Merrel,Tenman,Davidsson
933,Renato,Florez,Brassill
934,Torrin,Francescotti,Niche
935,Laird,Origin,Ingilson
936,Smitty,Hinkens,Muddiman
937,Jephthah,Cinavas,Rubertelli
938,Orbadiah,Frarey,Prendergast
939,Jackie,Alker,Abeles
940,Donica,Guild,Peplaw
941,Shani,Metschke,Leades
942,Pancho,O'Fogarty,Pelzer
943,Nevil,Kall,Boothe
944,Kyrstin,Boundley,Linskey
945,Ferrel,Christofor,Winnister
946,Kristo,Gulley,Westwick
947,Cleon,Trevaskus,Pentercost
948,Justina,Deverale,Romain
949,Allx,Lawful,Rewan
950,Fawn,Bea,Jindracek
951,Allegra,Buttner,Cuddehy
952,Cecily,Klima,Steuhlmeyer
953,Emelen,Gladden,Lacknor
954,Dasie,Fuggles,Dougill
955,Peterus,Woodeson,Hearnah
956,Claire,Gounet,Wetheril
957,Sidnee,Curnick,Phuprate
958,Uri,Prayer,Skoate
959,Leonardo,O'Spillane,Nowakowska
960,Leone,Heenan,Connah
961,Isabeau,Methven,Hookes
962,Ernaline,Morais,Halfhyde
963,Lorelle,Headford,Leipoldt
964,Junie,D'Costa,Painten
965,Constantin,Keford,Fouldes
966,Shirlene,Styant,Cambridge
967,Vidovik,Le Hucquet,Coggin
968,Lexis,Duckham,Cooper
969,Gratia,Oldnall,Abotson
970,Ermina,Lodevick,Chatwood
971,Sascha,Menichelli,Brawn
972,Rosemarie,Santos,Niesing
973,Sapphire,Abramovic,Roma
974,Dennie,Faiers,Ribey
975,Dalton,Kleisle,Francescuzzi
976,Jose,Livingstone,Greenhow
977,Ginny,Polye,Doey
978,Helyn,Scinelli,Mary
979,Leonardo,Fidock,Abadam
980,Bentlee,Grevel,Newns
981,Rainer,Klisch,Behan
982,Vidovic,Poytress,Iannini
983,Fara,Floris,Rimington
984,Conan,Estabrook,Seys
985,Margery,Beranek,Parks
986,Putnam,Valti,Yglesia
987,Dwain,Strank,Grossman
988,Aimee,Elcock,Casale
989,Archer,Slot,Luquet
990,Leigh,Farres,Videler
991,Yalonda,Luttgert,Preon
992,Bonnie,Stain,Elphick
993,Humfrid,Wattins,Donlon
994,Izzy,Bellay,Youd
995,Gabriell,Orsay,Furman
996,Noah,Dwelley,Doman
997,Regen,Dykas,Ramalho
998,Constanta,Hagley,Iowarch
999,Freeland,Ower,Sextone
1000,Ari,Storcke,Thomlinson
